{"cameraMode":{"drawMode":0,"name":"Shaded","section":"Shading Mode"},"sceneLighting":true,"audioPlay":false,"sceneViewState":{"m_AlwaysRefresh":false,"showFog":true,"showSkybox":true,"showFlares":true,"showImageEffects":true,"showParticleSystems":true,"showVisualEffectGraphs":true,"m_FxEnabled":true},"in2DMode":false,"pivot":{"x":22.806779861450197,"y":2.029888153076172,"z":5.747183799743652},"rotation":{"x":0.01700775697827339,"y":-0.9734060764312744,"z":0.21511869132518769,"w":0.0769595205783844},"size":1.0457172393798829,"orthographic":false}