{"cameraMode":{"drawMode":0,"name":"Shaded","section":"Shading Mode"},"sceneLighting":true,"audioPlay":false,"sceneViewState":{"m_AlwaysRefresh":false,"showFog":true,"showSkybox":true,"showFlares":true,"showImageEffects":true,"showParticleSystems":true,"showVisualEffectGraphs":true,"m_FxEnabled":true},"in2DMode":false,"pivot":{"x":23.20100212097168,"y":2.3504316806793215,"z":5.141823768615723},"rotation":{"x":0.2231040894985199,"y":-0.005261809565126896,"z":0.0012088629882782698,"w":0.9747845530509949},"size":0.9969608783721924,"orthographic":false}